小区1-微信-18810111297,137
小区1-微信-18810113284,655
小区1-微信-18810101480,411
小区1-微信-18810113225,266
小区1-微信-18810115212,288
小区1-微信-18810106957,74
小区1-微信-18810125464,16
小区1-微信-18810126994,51
小区1-微信-18810101496,234
小区1-微信-18810118745,767
小区1-微信-18810115228,447
小区1-小说-18810111297,389
小区1-小说-18810113284,95
小区1-小说-18810101480,55
小区1-小说-18810113225,23
小区1-小说-18810115212,50
小区1-小说-18810106957,9
小区1-小说-18810125464,168
小区1-小说-18810126994,81
小区1-小说-18810101496,229
小区1-小说-18810118745,71
小区1-小说-18810115228,33
小区1-微博-18810111297,232
小区1-微博-18810113284,360
小区1-微博-18810101480,222
小区1-微博-18810113225,236
小区1-微博-18810115212,171
小区1-微博-18810106957,328
小区1-微博-18810125464,360
小区1-微博-18810126994,389
小区1-微博-18810101496,3
小区1-微博-18810118745,324
小区1-微博-18810115228,327
小区1-游戏-18810111297,140
小区1-游戏-18810113284,672
小区1-游戏-18810101480,191
小区1-游戏-18810113225,237
小区1-游戏-18810115212,475
小区1-游戏-18810106957,501
小区1-游戏-18810125464,354
小区1-游戏-18810126994,347
小区1-游戏-18810101496,92
小区1-游戏-18810118745,454
小区1-游戏-18810115228,450
小区1-新闻-18810111297,479
小区1-新闻-18810113284,51
小区1-新闻-18810101480,261
小区1-新闻-18810113225,320
小区1-新闻-18810115212,317
小区1-新闻-18810106957,383
小区1-新闻-18810125464,197
小区1-新闻-18810126994,86
小区1-新闻-18810101496,33
小区1-新闻-18810118745,32
小区1-新闻-18810115228,199
小区1-音乐-18810111297,33
小区1-音乐-18810113284,73
小区1-音乐-18810101480,7
小区1-音乐-18810113225,183
小区1-音乐-18810115212,166
小区1-音乐-18810106957,76
小区1-音乐-18810125464,48
小区1-音乐-18810126994,437
小区1-音乐-18810101496,29
小区1-音乐-18810118745,309
小区1-音乐-18810115228,193
小区1-视频-18810111297,1606
小区1-视频-18810113284,1141
小区1-视频-18810101480,813
小区1-视频-18810113225,426
小区1-视频-18810115212,93
小区1-视频-18810106957,966
小区1-视频-18810125464,454
小区1-视频-18810126994,478
小区1-视频-18810101496,918
小区1-视频-18810118745,1125
小区1-视频-18810115228,858
小区1-邮件-18810111297,75
小区1-邮件-18810113284,645
小区1-邮件-18810101480,1
小区1-邮件-18810113225,168
小区1-邮件-18810115212,300
小区1-邮件-18810106957,7
小区1-邮件-18810125464,609
小区1-邮件-18810126994,7
小区1-邮件-18810101496,7
小区1-邮件-18810118745,82
小区1-邮件-18810115228,114
小区1-导航-18810111297,75
小区1-导航-18810113284,168
小区1-导航-18810101480,114
小区1-导航-18810113225,609
小区1-导航-18810115212,82
小区1-导航-18810106957,122
小区1-导航-18810125464,690
小区1-导航-18810126994,74
小区1-导航-18810101496,1
小区1-导航-18810118745,645
小区1-导航-18810115228,300
小区1-电商-18810111297,488
小区1-电商-18810113284,1522
小区1-电商-18810101480,1203
小区1-电商-18810113225,1026
小区1-电商-18810115212,1431
小区1-电商-18810106957,855
小区1-电商-18810125464,1283
小区1-电商-18810126994,488
小区1-电商-18810101496,458
小区1-电商-18810118745,2106
小区1-电商-18810115228,992
小区2-微信-18810103424,178
小区2-微信-18810128997,283
小区2-微信-18810128938,689
小区2-微信-18810103499,1200
小区2-微信-18810105615,340
小区2-微信-18810107602,369
小区2-微信-18810123477,475
小区2-微信-18810128922,60
小区2-微信-18810103483,216
小区2-微信-18810128981,56
小区2-小说-18810103424,141
小区2-小说-18810128997,384
小区2-小说-18810128938,281
小区2-小说-18810103499,35
小区2-小说-18810105615,143
小区2-小说-18810107602,133
小区2-小说-18810123477,75
小区2-小说-18810128922,267
小区2-小说-18810103483,157
小区2-小说-18810128981,197
小区2-微博-18810103424,179
小区2-微博-18810128997,246
小区2-微博-18810128938,592
小区2-微博-18810103499,1031
小区2-微博-18810105615,532
小区2-微博-18810107602,278
小区2-微博-18810123477,967
小区2-微博-18810128922,382
小区2-微博-18810103483,912
小区2-微博-18810128981,369
小区2-游戏-18810103424,584
小区2-游戏-18810128997,824
小区2-游戏-18810128938,522
小区2-游戏-18810103499,670
小区2-游戏-18810105615,752
小区2-游戏-18810107602,719
小区2-游戏-18810123477,856
小区2-游戏-18810128922,928
小区2-游戏-18810103483,739
小区2-游戏-18810128981,945
小区2-新闻-18810103424,608
小区2-新闻-18810128997,83
小区2-新闻-18810128938,248
小区2-新闻-18810103499,104
小区2-新闻-18810105615,334
小区2-新闻-18810107602,105
小区2-新闻-18810123477,421
小区2-新闻-18810128922,220
小区2-新闻-18810103483,198
小区2-新闻-18810128981,184
小区2-音乐-18810103424,336
小区2-音乐-18810128997,198
小区2-音乐-18810128938,1
小区2-音乐-18810103499,268
小区2-音乐-18810105615,306
小区2-音乐-18810107602,80
小区2-音乐-18810123477,3
小区2-音乐-18810128922,73
小区2-音乐-18810103483,216
小区2-音乐-18810128981,23
小区2-视频-18810103424,1180
小区2-视频-18810128997,195
小区2-视频-18810128938,868
小区2-视频-18810103499,117
小区2-视频-18810105615,504
小区2-视频-18810107602,502
小区2-视频-18810123477,628
小区2-视频-18810128922,268
小区2-视频-18810103483,952
小区2-视频-18810128981,520
小区2-邮件-18810103424,20
小区2-邮件-18810128997,1
小区2-邮件-18810128938,8
小区2-邮件-18810103499,56
小区2-邮件-18810105615,1
小区2-邮件-18810107602,103
小区2-邮件-18810123477,34
小区2-邮件-18810128922,69
小区2-邮件-18810103483,52
小区2-邮件-18810128981,33
小区2-导航-18810103424,3
小区2-导航-18810128997,147
小区2-导航-18810128938,859
小区2-导航-18810103499,112
小区2-导航-18810105615,335
小区2-导航-18810107602,400
小区2-导航-18810123477,43
小区2-导航-18810128922,527
小区2-导航-18810103483,334
小区2-导航-18810128981,392
小区2-电商-18810103424,439
小区2-电商-18810128997,969
小区2-电商-18810128938,643
小区2-电商-18810103499,2464
小区2-电商-18810105615,1397
小区2-电商-18810107602,1709
小区2-电商-18810123477,596
小区2-电商-18810128922,272
小区2-电商-18810103483,1575
小区2-电商-18810128981,670
小区3-微信-18810113472,646
小区3-微信-18810113488,189
小区3-微信-18810118949,1128
小区3-微信-18810126790,655
小区3-微信-18810115400,1165
小区3-微信-18810102157,527
小区3-微信-18810127408,384
小区3-微信-18810118771,736
小区3-微信-18810118933,8
小区3-微信-18810103671,33
小区3-微信-18810115416,402
小区3-微信-18810117403,1096
小区3-微信-18810102141,156
小区3-小说-18810113472,381
小区3-小说-18810113488,155
小区3-小说-18810118949,256
小区3-小说-18810126790,289
小区3-小说-18810115400,355
小区3-小说-18810102157,257
小区3-小说-18810127408,73
小区3-小说-18810118771,254
小区3-小说-18810118933,211
小区3-小说-18810103671,11
小区3-小说-18810115416,19
小区3-小说-18810117403,223
小区3-小说-18810102141,111
小区3-微博-18810113472,105
小区3-微博-18810113488,372
小区3-微博-18810118949,185
小区3-微博-18810126790,176
小区3-微博-18810115400,100
小区3-微博-18810102157,22
小区3-微博-18810127408,197
小区3-微博-18810118771,308
小区3-微博-18810118933,49
小区3-微博-18810103671,257
小区3-微博-18810115416,651
小区3-微博-18810117403,62
小区3-微博-18810102141,89
小区3-游戏-18810113472,507
小区3-游戏-18810113488,343
小区3-游戏-18810118949,665
小区3-游戏-18810126790,767
小区3-游戏-18810115400,764
小区3-游戏-18810102157,465
小区3-游戏-18810127408,599
小区3-游戏-18810118771,985
小区3-游戏-18810118933,391
小区3-游戏-18810103671,728
小区3-游戏-18810115416,429
小区3-游戏-18810117403,466
小区3-游戏-18810102141,629
小区3-新闻-18810113472,357
小区3-新闻-18810113488,458
小区3-新闻-18810118949,77
小区3-新闻-18810126790,263
小区3-新闻-18810115400,301
小区3-新闻-18810102157,478
小区3-新闻-18810127408,487
小区3-新闻-18810118771,41
小区3-新闻-18810118933,185
小区3-新闻-18810103671,78
小区3-新闻-18810115416,392
小区3-新闻-18810117403,354
小区3-新闻-18810102141,364
小区3-音乐-18810113472,233
小区3-音乐-18810113488,41
小区3-音乐-18810118949,1
小区3-音乐-18810126790,232
小区3-音乐-18810115400,446
小区3-音乐-18810102157,38
小区3-音乐-18810127408,536
小区3-音乐-18810118771,276
小区3-音乐-18810118933,5
小区3-音乐-18810103671,7
小区3-音乐-18810115416,200
小区3-音乐-18810117403,239
小区3-音乐-18810102141,112
小区3-视频-18810113472,5782
小区3-视频-18810113488,13308
小区3-视频-18810118949,1157
小区3-视频-18810126790,4813
小区3-视频-18810115400,2176
小区3-视频-18810102157,632
小区3-视频-18810127408,5281
小区3-视频-18810118771,928
小区3-视频-18810118933,1688
小区3-视频-18810103671,44
小区3-视频-18810115416,1407
小区3-视频-18810117403,15113
小区3-视频-18810102141,7077
小区3-邮件-18810113472,30
小区3-邮件-18810113488,40
小区3-邮件-18810118949,7
小区3-邮件-18810126790,13
小区3-邮件-18810115400,0
小区3-邮件-18810102157,76
小区3-邮件-18810127408,121
小区3-邮件-18810118771,111
小区3-邮件-18810118933,7
小区3-邮件-18810103671,44
小区3-邮件-18810115416,16
小区3-邮件-18810117403,14
小区3-邮件-18810102141,17
小区3-导航-18810113472,138
小区3-导航-18810113488,106
小区3-导航-18810118949,501
小区3-导航-18810126790,611
小区3-导航-18810115400,776
小区3-导航-18810102157,291
小区3-导航-18810127408,46
小区3-导航-18810118771,59
小区3-导航-18810118933,436
小区3-导航-18810103671,314
小区3-导航-18810115416,190
小区3-导航-18810117403,291
小区3-导航-18810102141,87
小区3-电商-18810113472,1093
小区3-电商-18810113488,2175
小区3-电商-18810118949,2074
小区3-电商-18810126790,764
小区3-电商-18810115400,536
小区3-电商-18810102157,1106
小区3-电商-18810127408,627
小区3-电商-18810118771,559
小区3-电商-18810118933,1633
小区3-电商-18810103671,2359
小区3-电商-18810115416,401
小区3-电商-18810117403,1257
小区3-电商-18810102141,902
小区4-微信-18810123904,451
小区4-微信-18810127042,2420
小区4-微信-18810118787,2875
小区4-微信-18810108970,48
小区4-微信-18810104111,1538
小区4-微信-18810110833,527
小区4-微信-18810106999,2400
小区4-微信-18810108986,901
小区4-微信-18810104127,4941
小区4-微信-18810125055,6261
小区4-小说-18810123904,100
小区4-小说-18810127042,42
小区4-小说-18810118787,165
小区4-小说-18810108970,198
小区4-小说-18810104111,304
小区4-小说-18810110833,28
小区4-小说-18810106999,66
小区4-小说-18810108986,278
小区4-小说-18810104127,162
小区4-小说-18810125055,69
小区4-微博-18810123904,410
小区4-微博-18810127042,106
小区4-微博-18810118787,277
小区4-微博-18810108970,316
小区4-微博-18810104111,948
小区4-微博-18810110833,162
小区4-微博-18810106999,5
小区4-微博-18810108986,35
小区4-微博-18810104127,508
小区4-微博-18810125055,464
小区4-游戏-18810123904,3620
小区4-游戏-18810127042,214
小区4-游戏-18810118787,1453
小区4-游戏-18810108970,1445
小区4-游戏-18810104111,36
小区4-游戏-18810110833,466
小区4-游戏-18810106999,984
小区4-游戏-18810108986,1285
小区4-游戏-18810104127,337
小区4-游戏-18810125055,2247
小区4-新闻-18810123904,306
小区4-新闻-18810127042,435
小区4-新闻-18810118787,699
小区4-新闻-18810108970,471
小区4-新闻-18810104111,319
小区4-新闻-18810110833,67
小区4-新闻-18810106999,82
小区4-新闻-18810108986,16
小区4-新闻-18810104127,24
小区4-新闻-18810125055,261
小区4-音乐-18810123904,116
小区4-音乐-18810127042,130
小区4-音乐-18810118787,538
小区4-音乐-18810108970,150
小区4-音乐-18810104111,350
小区4-音乐-18810110833,302
小区4-音乐-18810106999,36
小区4-音乐-18810108986,33
小区4-音乐-18810104127,230
小区4-音乐-18810125055,72
小区4-视频-18810123904,14708
小区4-视频-18810127042,13110
小区4-视频-18810118787,3416
小区4-视频-18810108970,13060
小区4-视频-18810104111,21195
小区4-视频-18810110833,12975
小区4-视频-18810106999,1044
小区4-视频-18810108986,10127
小区4-视频-18810104127,4645
小区4-视频-18810125055,11918
小区4-邮件-18810123904,1
小区4-邮件-18810127042,8
小区4-邮件-18810118787,2
小区4-邮件-18810108970,12
小区4-邮件-18810104111,11
小区4-邮件-18810110833,8
小区4-邮件-18810106999,46
小区4-邮件-18810108986,12
小区4-邮件-18810104127,12
小区4-邮件-18810125055,58
小区4-导航-18810123904,989
小区4-导航-18810127042,492
小区4-导航-18810118787,170
小区4-导航-18810108970,400
小区4-导航-18810104111,164
小区4-导航-18810110833,349
小区4-导航-18810106999,568
小区4-导航-18810108986,234
小区4-导航-18810104127,44
小区4-导航-18810125055,394
小区4-电商-18810123904,5116
小区4-电商-18810127042,6065
小区4-电商-18810118787,8569
小区4-电商-18810108970,1250
小区4-电商-18810104111,9529
小区4-电商-18810110833,4083
小区4-电商-18810106999,936
小区4-电商-18810108986,4185
小区4-电商-18810104127,7814
小区4-电商-18810125055,646
小区5-微信-18810128384,367
小区5-微信-18810115458,2440
小区5-微信-18810117445,1089
小区5-微信-18810102183,1133
小区5-微信-18810109835,574
小区5-微信-18810126381,877
小区5-微信-18810102199,1931
小区5-微信-18810105657,68
小区5-微信-18810118975,4821
小区5-微信-18810107644,318
小区5-微信-18810126397,6468
小区5-微信-18810128325,2430
小区5-小说-18810128384,285
小区5-小说-18810115458,137
小区5-小说-18810117445,111
小区5-小说-18810102183,384
小区5-小说-18810109835,310
小区5-小说-18810126381,39
小区5-小说-18810102199,123
小区5-小说-18810105657,116
小区5-小说-18810118975,143
小区5-小说-18810107644,80
小区5-小说-18810126397,158
小区5-小说-18810128325,149
小区5-微博-18810128384,151
小区5-微博-18810115458,969
小区5-微博-18810117445,416
小区5-微博-18810102183,438
小区5-微博-18810109835,167
小区5-微博-18810126381,1175
小区5-微博-18810102199,72
小区5-微博-18810105657,911
小区5-微博-18810118975,681
小区5-微博-18810107644,434
小区5-微博-18810126397,202
小区5-微博-18810128325,930
小区5-游戏-18810128384,245
小区5-游戏-18810115458,78
小区5-游戏-18810117445,303
小区5-游戏-18810102183,423
小区5-游戏-18810109835,101
小区5-游戏-18810126381,203
小区5-游戏-18810102199,144
小区5-游戏-18810105657,297
小区5-游戏-18810118975,371
小区5-游戏-18810107644,389
小区5-游戏-18810126397,210
小区5-游戏-18810128325,14
小区5-新闻-18810128384,452
小区5-新闻-18810115458,307
小区5-新闻-18810117445,77
小区5-新闻-18810102183,237
小区5-新闻-18810109835,246
小区5-新闻-18810126381,739
小区5-新闻-18810102199,163
小区5-新闻-18810105657,148
小区5-新闻-18810118975,134
小区5-新闻-18810107644,38
小区5-新闻-18810126397,205
小区5-新闻-18810128325,148
小区5-音乐-18810128384,46
小区5-音乐-18810115458,622
小区5-音乐-18810117445,83
小区5-音乐-18810102183,52
小区5-音乐-18810109835,37
小区5-音乐-18810126381,72
小区5-音乐-18810102199,79
小区5-音乐-18810105657,56
小区5-音乐-18810118975,82
小区5-音乐-18810107644,148
小区5-音乐-18810126397,15
小区5-音乐-18810128325,65
小区5-视频-18810128384,3455
小区5-视频-18810115458,15669
小区5-视频-18810117445,2281
小区5-视频-18810102183,4570
小区5-视频-18810109835,4618
小区5-视频-18810126381,7198
小区5-视频-18810102199,8712
小区5-视频-18810105657,9177
小区5-视频-18810118975,8247
小区5-视频-18810107644,8490
小区5-视频-18810126397,840
小区5-视频-18810128325,5733
小区5-邮件-18810128384,20
小区5-邮件-18810115458,0
小区5-邮件-18810117445,23
小区5-邮件-18810102183,20
小区5-邮件-18810109835,15
小区5-邮件-18810126381,1
小区5-邮件-18810102199,2
小区5-邮件-18810105657,30
小区5-邮件-18810118975,4
小区5-邮件-18810107644,26
小区5-邮件-18810126397,0
小区5-邮件-18810128325,23
小区5-导航-18810128384,153
小区5-导航-18810115458,562
小区5-导航-18810117445,352
小区5-导航-18810102183,396
小区5-导航-18810109835,381
小区5-导航-18810126381,517
小区5-导航-18810102199,236
小区5-导航-18810105657,487
小区5-导航-18810118975,248
小区5-导航-18810107644,224
小区5-导航-18810126397,139
小区5-导航-18810128325,146
小区5-电商-18810128384,1772
小区5-电商-18810115458,2772
小区5-电商-18810117445,1849
小区5-电商-18810102183,1862
小区5-电商-18810109835,485
小区5-电商-18810126381,6780
小区5-电商-18810102199,2510
小区5-电商-18810105657,2811
小区5-电商-18810118975,2641
小区5-电商-18810107644,26
小区5-电商-18810126397,1356
小区5-电商-18810128325,2780
