微信-小区1-18810111297,137
微信-小区1-18810113284,655
微信-小区1-18810101480,411
微信-小区1-18810113225,266
微信-小区1-18810115212,288
微信-小区1-18810106957,74
微信-小区1-18810125464,16
微信-小区1-18810126994,51
微信-小区1-18810101496,234
微信-小区1-18810118745,767
微信-小区1-18810115228,447
微信-小区2-18810103424,178
微信-小区2-18810128997,283
微信-小区2-18810128938,689
微信-小区2-18810103499,1200
微信-小区2-18810105615,340
微信-小区2-18810107602,369
微信-小区2-18810123477,475
微信-小区2-18810128922,60
微信-小区2-18810103483,216
微信-小区2-18810128981,56
微信-小区3-18810113472,646
微信-小区3-18810113488,189
微信-小区3-18810118949,1128
微信-小区3-18810126790,655
微信-小区3-18810115400,1165
微信-小区3-18810102157,527
微信-小区3-18810127408,384
微信-小区3-18810118771,736
微信-小区3-18810118933,8
微信-小区3-18810103671,33
微信-小区3-18810115416,402
微信-小区3-18810117403,1096
微信-小区3-18810102141,156
微信-小区4-18810123904,451
微信-小区4-18810127042,2420
微信-小区4-18810118787,2875
微信-小区4-18810108970,48
微信-小区4-18810104111,1538
微信-小区4-18810110833,527
微信-小区4-18810106999,2400
微信-小区4-18810108986,901
微信-小区4-18810104127,4941
微信-小区4-18810125055,6261
微信-小区5-18810128384,367
微信-小区5-18810115458,2440
微信-小区5-18810117445,1089
微信-小区5-18810102183,1133
微信-小区5-18810109835,574
微信-小区5-18810126381,877
微信-小区5-18810102199,1931
微信-小区5-18810105657,68
微信-小区5-18810118975,4821
微信-小区5-18810107644,318
微信-小区5-18810126397,6468
微信-小区5-18810128325,2430
小说-小区1-18810111297,389
小说-小区1-18810113284,95
小说-小区1-18810101480,55
小说-小区1-18810113225,23
小说-小区1-18810115212,50
小说-小区1-18810106957,9
小说-小区1-18810125464,168
小说-小区1-18810126994,81
小说-小区1-18810101496,229
小说-小区1-18810118745,71
小说-小区1-18810115228,33
小说-小区2-18810103424,141
小说-小区2-18810128997,384
小说-小区2-18810128938,281
小说-小区2-18810103499,35
小说-小区2-18810105615,143
小说-小区2-18810107602,133
小说-小区2-18810123477,75
小说-小区2-18810128922,267
小说-小区2-18810103483,157
小说-小区2-18810128981,197
小说-小区3-18810113472,381
小说-小区3-18810113488,155
小说-小区3-18810118949,256
小说-小区3-18810126790,289
小说-小区3-18810115400,355
小说-小区3-18810102157,257
小说-小区3-18810127408,73
小说-小区3-18810118771,254
小说-小区3-18810118933,211
小说-小区3-18810103671,11
小说-小区3-18810115416,19
小说-小区3-18810117403,223
小说-小区3-18810102141,111
小说-小区4-18810123904,100
小说-小区4-18810127042,42
小说-小区4-18810118787,165
小说-小区4-18810108970,198
小说-小区4-18810104111,304
小说-小区4-18810110833,28
小说-小区4-18810106999,66
小说-小区4-18810108986,278
小说-小区4-18810104127,162
小说-小区4-18810125055,69
小说-小区5-18810128384,285
小说-小区5-18810115458,137
小说-小区5-18810117445,111
小说-小区5-18810102183,384
小说-小区5-18810109835,310
小说-小区5-18810126381,39
小说-小区5-18810102199,123
小说-小区5-18810105657,116
小说-小区5-18810118975,143
小说-小区5-18810107644,80
小说-小区5-18810126397,158
小说-小区5-18810128325,149
微博-小区1-18810111297,232
微博-小区1-18810113284,360
微博-小区1-18810101480,222
微博-小区1-18810113225,236
微博-小区1-18810115212,171
微博-小区1-18810106957,328
微博-小区1-18810125464,360
微博-小区1-18810126994,389
微博-小区1-18810101496,3
微博-小区1-18810118745,324
微博-小区1-18810115228,327
微博-小区2-18810103424,179
微博-小区2-18810128997,246
微博-小区2-18810128938,592
微博-小区2-18810103499,1031
微博-小区2-18810105615,532
微博-小区2-18810107602,278
微博-小区2-18810123477,967
微博-小区2-18810128922,382
微博-小区2-18810103483,912
微博-小区2-18810128981,369
微博-小区3-18810113472,105
微博-小区3-18810113488,372
微博-小区3-18810118949,185
微博-小区3-18810126790,176
微博-小区3-18810115400,100
微博-小区3-18810102157,22
微博-小区3-18810127408,197
微博-小区3-18810118771,308
微博-小区3-18810118933,49
微博-小区3-18810103671,257
微博-小区3-18810115416,651
微博-小区3-18810117403,62
微博-小区3-18810102141,89
微博-小区4-18810123904,410
微博-小区4-18810127042,106
微博-小区4-18810118787,277
微博-小区4-18810108970,316
微博-小区4-18810104111,948
微博-小区4-18810110833,162
微博-小区4-18810106999,5
微博-小区4-18810108986,35
微博-小区4-18810104127,508
微博-小区4-18810125055,464
微博-小区5-18810128384,151
微博-小区5-18810115458,969
微博-小区5-18810117445,416
微博-小区5-18810102183,438
微博-小区5-18810109835,167
微博-小区5-18810126381,1175
微博-小区5-18810102199,72
微博-小区5-18810105657,911
微博-小区5-18810118975,681
微博-小区5-18810107644,434
微博-小区5-18810126397,202
微博-小区5-18810128325,930
游戏-小区1-18810111297,140
游戏-小区1-18810113284,672
游戏-小区1-18810101480,191
游戏-小区1-18810113225,237
游戏-小区1-18810115212,475
游戏-小区1-18810106957,501
游戏-小区1-18810125464,354
游戏-小区1-18810126994,347
游戏-小区1-18810101496,92
游戏-小区1-18810118745,454
游戏-小区1-18810115228,450
游戏-小区2-18810103424,584
游戏-小区2-18810128997,824
游戏-小区2-18810128938,522
游戏-小区2-18810103499,670
游戏-小区2-18810105615,752
游戏-小区2-18810107602,719
游戏-小区2-18810123477,856
游戏-小区2-18810128922,928
游戏-小区2-18810103483,739
游戏-小区2-18810128981,945
游戏-小区3-18810113472,507
游戏-小区3-18810113488,343
游戏-小区3-18810118949,665
游戏-小区3-18810126790,767
游戏-小区3-18810115400,764
游戏-小区3-18810102157,465
游戏-小区3-18810127408,599
游戏-小区3-18810118771,985
游戏-小区3-18810118933,391
游戏-小区3-18810103671,728
游戏-小区3-18810115416,429
游戏-小区3-18810117403,466
游戏-小区3-18810102141,629
游戏-小区4-18810123904,3620
游戏-小区4-18810127042,214
游戏-小区4-18810118787,1453
游戏-小区4-18810108970,1445
游戏-小区4-18810104111,36
游戏-小区4-18810110833,466
游戏-小区4-18810106999,984
游戏-小区4-18810108986,1285
游戏-小区4-18810104127,337
游戏-小区4-18810125055,2247
游戏-小区5-18810128384,245
游戏-小区5-18810115458,78
游戏-小区5-18810117445,303
游戏-小区5-18810102183,423
游戏-小区5-18810109835,101
游戏-小区5-18810126381,203
游戏-小区5-18810102199,144
游戏-小区5-18810105657,297
游戏-小区5-18810118975,371
游戏-小区5-18810107644,389
游戏-小区5-18810126397,210
游戏-小区5-18810128325,14
新闻-小区1-18810111297,479
新闻-小区1-18810113284,51
新闻-小区1-18810101480,261
新闻-小区1-18810113225,320
新闻-小区1-18810115212,317
新闻-小区1-18810106957,383
新闻-小区1-18810125464,197
新闻-小区1-18810126994,86
新闻-小区1-18810101496,33
新闻-小区1-18810118745,32
新闻-小区1-18810115228,199
新闻-小区2-18810103424,608
新闻-小区2-18810128997,83
新闻-小区2-18810128938,248
新闻-小区2-18810103499,104
新闻-小区2-18810105615,334
新闻-小区2-18810107602,105
新闻-小区2-18810123477,421
新闻-小区2-18810128922,220
新闻-小区2-18810103483,198
新闻-小区2-18810128981,184
新闻-小区3-18810113472,357
新闻-小区3-18810113488,458
新闻-小区3-18810118949,77
新闻-小区3-18810126790,263
新闻-小区3-18810115400,301
新闻-小区3-18810102157,478
新闻-小区3-18810127408,487
新闻-小区3-18810118771,41
新闻-小区3-18810118933,185
新闻-小区3-18810103671,78
新闻-小区3-18810115416,392
新闻-小区3-18810117403,354
新闻-小区3-18810102141,364
新闻-小区4-18810123904,306
新闻-小区4-18810127042,435
新闻-小区4-18810118787,699
新闻-小区4-18810108970,471
新闻-小区4-18810104111,319
新闻-小区4-18810110833,67
新闻-小区4-18810106999,82
新闻-小区4-18810108986,16
新闻-小区4-18810104127,24
新闻-小区4-18810125055,261
新闻-小区5-18810128384,452
新闻-小区5-18810115458,307
新闻-小区5-18810117445,77
新闻-小区5-18810102183,237
新闻-小区5-18810109835,246
新闻-小区5-18810126381,739
新闻-小区5-18810102199,163
新闻-小区5-18810105657,148
新闻-小区5-18810118975,134
新闻-小区5-18810107644,38
新闻-小区5-18810126397,205
新闻-小区5-18810128325,148
音乐-小区1-18810111297,33
音乐-小区1-18810113284,73
音乐-小区1-18810101480,7
音乐-小区1-18810113225,183
音乐-小区1-18810115212,166
音乐-小区1-18810106957,76
音乐-小区1-18810125464,48
音乐-小区1-18810126994,437
音乐-小区1-18810101496,29
音乐-小区1-18810118745,309
音乐-小区1-18810115228,193
音乐-小区2-18810103424,336
音乐-小区2-18810128997,198
音乐-小区2-18810128938,1
音乐-小区2-18810103499,268
音乐-小区2-18810105615,306
音乐-小区2-18810107602,80
音乐-小区2-18810123477,3
音乐-小区2-18810128922,73
音乐-小区2-18810103483,216
音乐-小区2-18810128981,23
音乐-小区3-18810113472,233
音乐-小区3-18810113488,41
音乐-小区3-18810118949,1
音乐-小区3-18810126790,232
音乐-小区3-18810115400,446
音乐-小区3-18810102157,38
音乐-小区3-18810127408,536
音乐-小区3-18810118771,276
音乐-小区3-18810118933,5
音乐-小区3-18810103671,7
音乐-小区3-18810115416,200
音乐-小区3-18810117403,239
音乐-小区3-18810102141,112
音乐-小区4-18810123904,116
音乐-小区4-18810127042,130
音乐-小区4-18810118787,538
音乐-小区4-18810108970,150
音乐-小区4-18810104111,350
音乐-小区4-18810110833,302
音乐-小区4-18810106999,36
音乐-小区4-18810108986,33
音乐-小区4-18810104127,230
音乐-小区4-18810125055,72
音乐-小区5-18810128384,46
音乐-小区5-18810115458,622
音乐-小区5-18810117445,83
音乐-小区5-18810102183,52
音乐-小区5-18810109835,37
音乐-小区5-18810126381,72
音乐-小区5-18810102199,79
音乐-小区5-18810105657,56
音乐-小区5-18810118975,82
音乐-小区5-18810107644,148
音乐-小区5-18810126397,15
音乐-小区5-18810128325,65
视频-小区1-18810111297,1606
视频-小区1-18810113284,1141
视频-小区1-18810101480,813
视频-小区1-18810113225,426
视频-小区1-18810115212,93
视频-小区1-18810106957,966
视频-小区1-18810125464,454
视频-小区1-18810126994,478
视频-小区1-18810101496,918
视频-小区1-18810118745,1125
视频-小区1-18810115228,858
视频-小区2-18810103424,1180
视频-小区2-18810128997,195
视频-小区2-18810128938,868
视频-小区2-18810103499,117
视频-小区2-18810105615,504
视频-小区2-18810107602,502
视频-小区2-18810123477,628
视频-小区2-18810128922,268
视频-小区2-18810103483,952
视频-小区2-18810128981,520
视频-小区3-18810113472,5782
视频-小区3-18810113488,13308
视频-小区3-18810118949,1157
视频-小区3-18810126790,4813
视频-小区3-18810115400,2176
视频-小区3-18810102157,632
视频-小区3-18810127408,5281
视频-小区3-18810118771,928
视频-小区3-18810118933,1688
视频-小区3-18810103671,44
视频-小区3-18810115416,1407
视频-小区3-18810117403,15113
视频-小区3-18810102141,7077
视频-小区4-18810123904,14708
视频-小区4-18810127042,13110
视频-小区4-18810118787,3416
视频-小区4-18810108970,13060
视频-小区4-18810104111,21195
视频-小区4-18810110833,12975
视频-小区4-18810106999,1044
视频-小区4-18810108986,10127
视频-小区4-18810104127,4645
视频-小区4-18810125055,11918
视频-小区5-18810128384,3455
视频-小区5-18810115458,15669
视频-小区5-18810117445,2281
视频-小区5-18810102183,4570
视频-小区5-18810109835,4618
视频-小区5-18810126381,7198
视频-小区5-18810102199,8712
视频-小区5-18810105657,9177
视频-小区5-18810118975,8247
视频-小区5-18810107644,8490
视频-小区5-18810126397,840
视频-小区5-18810128325,5733
邮件-小区1-18810111297,75
邮件-小区1-18810113284,645
邮件-小区1-18810101480,1
邮件-小区1-18810113225,168
邮件-小区1-18810115212,300
邮件-小区1-18810106957,7
邮件-小区1-18810125464,609
邮件-小区1-18810126994,7
邮件-小区1-18810101496,7
邮件-小区1-18810118745,82
邮件-小区1-18810115228,114
邮件-小区2-18810103424,20
邮件-小区2-18810128997,1
邮件-小区2-18810128938,8
邮件-小区2-18810103499,56
邮件-小区2-18810105615,1
邮件-小区2-18810107602,103
邮件-小区2-18810123477,34
邮件-小区2-18810128922,69
邮件-小区2-18810103483,52
邮件-小区2-18810128981,33
邮件-小区3-18810113472,30
邮件-小区3-18810113488,40
邮件-小区3-18810118949,7
邮件-小区3-18810126790,13
邮件-小区3-18810115400,0
邮件-小区3-18810102157,76
邮件-小区3-18810127408,121
邮件-小区3-18810118771,111
邮件-小区3-18810118933,7
邮件-小区3-18810103671,44
邮件-小区3-18810115416,16
邮件-小区3-18810117403,14
邮件-小区3-18810102141,17
邮件-小区4-18810123904,1
邮件-小区4-18810127042,8
邮件-小区4-18810118787,2
邮件-小区4-18810108970,12
邮件-小区4-18810104111,11
邮件-小区4-18810110833,8
邮件-小区4-18810106999,46
邮件-小区4-18810108986,12
邮件-小区4-18810104127,12
邮件-小区4-18810125055,58
邮件-小区5-18810128384,20
邮件-小区5-18810115458,0
邮件-小区5-18810117445,23
邮件-小区5-18810102183,20
邮件-小区5-18810109835,15
邮件-小区5-18810126381,1
邮件-小区5-18810102199,2
邮件-小区5-18810105657,30
邮件-小区5-18810118975,4
邮件-小区5-18810107644,26
邮件-小区5-18810126397,0
邮件-小区5-18810128325,23
导航-小区1-18810111297,75
导航-小区1-18810113284,168
导航-小区1-18810101480,114
导航-小区1-18810113225,609
导航-小区1-18810115212,82
导航-小区1-18810106957,122
导航-小区1-18810125464,690
导航-小区1-18810126994,74
导航-小区1-18810101496,1
导航-小区1-18810118745,645
导航-小区1-18810115228,300
导航-小区2-18810103424,3
导航-小区2-18810128997,147
导航-小区2-18810128938,859
导航-小区2-18810103499,112
导航-小区2-18810105615,335
导航-小区2-18810107602,400
导航-小区2-18810123477,43
导航-小区2-18810128922,527
导航-小区2-18810103483,334
导航-小区2-18810128981,392
导航-小区3-18810113472,138
导航-小区3-18810113488,106
导航-小区3-18810118949,501
导航-小区3-18810126790,611
导航-小区3-18810115400,776
导航-小区3-18810102157,291
导航-小区3-18810127408,46
导航-小区3-18810118771,59
导航-小区3-18810118933,436
导航-小区3-18810103671,314
导航-小区3-18810115416,190
导航-小区3-18810117403,291
导航-小区3-18810102141,87
导航-小区4-18810123904,989
导航-小区4-18810127042,492
导航-小区4-18810118787,170
导航-小区4-18810108970,400
导航-小区4-18810104111,164
导航-小区4-18810110833,349
导航-小区4-18810106999,568
导航-小区4-18810108986,234
导航-小区4-18810104127,44
导航-小区4-18810125055,394
导航-小区5-18810128384,153
导航-小区5-18810115458,562
导航-小区5-18810117445,352
导航-小区5-18810102183,396
导航-小区5-18810109835,381
导航-小区5-18810126381,517
导航-小区5-18810102199,236
导航-小区5-18810105657,487
导航-小区5-18810118975,248
导航-小区5-18810107644,224
导航-小区5-18810126397,139
导航-小区5-18810128325,146
电商-小区1-18810111297,488
电商-小区1-18810113284,1522
电商-小区1-18810101480,1203
电商-小区1-18810113225,1026
电商-小区1-18810115212,1431
电商-小区1-18810106957,855
电商-小区1-18810125464,1283
电商-小区1-18810126994,488
电商-小区1-18810101496,458
电商-小区1-18810118745,2106
电商-小区1-18810115228,992
电商-小区2-18810103424,439
电商-小区2-18810128997,969
电商-小区2-18810128938,643
电商-小区2-18810103499,2464
电商-小区2-18810105615,1397
电商-小区2-18810107602,1709
电商-小区2-18810123477,596
电商-小区2-18810128922,272
电商-小区2-18810103483,1575
电商-小区2-18810128981,670
电商-小区3-18810113472,1093
电商-小区3-18810113488,2175
电商-小区3-18810118949,2074
电商-小区3-18810126790,764
电商-小区3-18810115400,536
电商-小区3-18810102157,1106
电商-小区3-18810127408,627
电商-小区3-18810118771,559
电商-小区3-18810118933,1633
电商-小区3-18810103671,2359
电商-小区3-18810115416,401
电商-小区3-18810117403,1257
电商-小区3-18810102141,902
电商-小区4-18810123904,5116
电商-小区4-18810127042,6065
电商-小区4-18810118787,8569
电商-小区4-18810108970,1250
电商-小区4-18810104111,9529
电商-小区4-18810110833,4083
电商-小区4-18810106999,936
电商-小区4-18810108986,4185
电商-小区4-18810104127,7814
电商-小区4-18810125055,646
电商-小区5-18810128384,1772
电商-小区5-18810115458,2772
电商-小区5-18810117445,1849
电商-小区5-18810102183,1862
电商-小区5-18810109835,485
电商-小区5-18810126381,6780
电商-小区5-18810102199,2510
电商-小区5-18810105657,2811
电商-小区5-18810118975,2641
电商-小区5-18810107644,26
电商-小区5-18810126397,1356
电商-小区5-18810128325,2780
